,A,B,C,D
2000-01-01,-0.4252411764791941,-0.19616416706655243,1.0326609542529621,-0.594048989918851
2000-01-02,0.6811371383509144,0.33535457212173697,1.5920932049138323,-1.3342822160591075
2000-01-03,-0.14344400749050956,0.44472603190435833,0.635597279146294,-0.09770892740795123
2000-01-04,0.36576877848322376,0.5964458835452477,1.1460510187753403,1.5326877019043068
2000-01-05,0.8559682367530206,1.8947635499338142,0.45058501415999996,1.2441885641581791
2000-01-06,2.080145483348801,3.069063788935716,1.3915902626241232,2.034412563722967
2000-01-07,2.7291577523058033,4.023044462366884,0.2186835126557758,-4.7303856433700275e-05
2000-01-08,3.277041913314775,4.425900939183728,-0.29087604859231664,1.998104991939186
2000-01-09,5.141550999211185,4.833326996116604,0.6253709864692191,1.2361502821163288
2000-01-10,5.4319013176064495,3.935470750157994,1.8016636185535724,0.9955344331035075
2000-01-11,5.613958213638048,3.75208182706177,1.1615069941948617,1.3030845560318367
2000-01-12,6.721757461013273,3.113347379107096,0.5509767835958576,2.9023982141882856
2000-01-13,6.907878112050253,1.0059176754526273,1.7171956947045874,1.6942216769407243
2000-01-14,8.954039925176238,-1.6625428096567365,1.7537503072653184,0.494378395416047
2000-01-15,11.071479974888263,-2.8503628296335464,2.1808532069549926,-0.7721560301758883
2000-01-16,9.272022508561335,-1.5802888856403396,1.792489284429267,-1.1746484425698602
2000-01-17,7.408183031010154,-1.9065017877851789,1.987746706252858,-0.48634562675950055
2000-01-18,5.978834841104478,-1.0209674796824464,1.7662910313983564,0.5870138828701366
2000-01-19,4.006698726272915,-0.5901919658264698,2.5642748116506486,1.450947164552856
2000-01-20,4.013182274076664,-0.042211325936495125,2.824977263886733,0.15925809097602084
2000-01-21,3.4360788244652025,0.36006435333160025,0.5006306925613222,1.5305958259653036
2000-01-22,3.3563354161493124,-1.5152198887874109,-0.03801012593525899,0.9405113911397769
2000-01-23,5.170521826015334,-2.271326272449592,0.511956528992653,0.32094871454466234
2000-01-24,6.925427544861915,-1.8717253567433683,1.206761754382273,-0.5083445734396023
2000-01-25,6.474796157689514,-2.033607783494327,0.825385247709316,-0.4677308930461471
2000-01-26,7.515547063395802,-0.7999584784463896,0.9594316573740135,0.25782544992097356
2000-01-27,6.612446395622795,-0.8155269259311053,1.038913586475463,-0.9827506769881516
2000-01-28,7.527203558984258,-0.30018058581410534,1.132503769417523,0.09311500567272124
2000-01-29,7.34952048457827,-0.411226557930956,1.4497441832664983,-0.1354263296228295
2000-01-30,8.362398274489399,-0.1275304789003927,1.1783279111772593,0.8197164927803618
2000-01-31,9.861791118486524,1.0092404127355161,0.8560070826202655,0.5971608137350236
2000-02-01,9.213593896952414,0.8111677322373961,1.9990472389564813,0.30820556711666725
2000-02-02,9.390970835329126,1.4006014151730217,1.7608215482601801,0.936405107220372
2000-02-03,9.834680452224204,0.4408136628351538,1.5455098359380441,0.9244683155145063
2000-02-04,11.851521015891395,0.1722580790514478,0.8266337018440916,0.6598086491708366
2000-02-05,11.698223829395051,2.2017916648503757,0.7740546128776078,-0.6420890401022037
2000-02-06,13.301415480335537,4.197521074548094,0.44112414526560273,0.23234386069081658
2000-02-07,10.879566928834777,3.2491170691755054,1.0563028431757324,-1.993918460485589
2000-02-08,11.635821909694307,4.0075850903702115,0.11961640260137663,-0.42495872567872994
2000-02-09,11.869795896473947,4.610069666715151,1.0365575325210807,-0.9518020343482522
2000-02-10,10.102307686213589,4.22749962669031,1.8834075695616226,-0.021838814200268675
2000-02-11,9.3607568433496,4.833700244464272,2.5904573155027846,-0.6311034479899102
2000-02-12,10.97595638449576,4.750116911819219,3.9278256762308095,-0.43162651565097376
2000-02-13,9.348631586730164,3.705769632363088,5.7335622412183165,0.08665619468112995
2000-02-14,10.101503358725289,4.711505031162955,4.617590273897674,0.4023157141947296
2000-02-15,10.531841783922758,5.442868159334099,3.917220493715929,-0.4321144536277098
2000-02-16,10.05363256723533,4.512856329655943,4.716637099928949,-1.270527504477447
2000-02-17,10.859102976465135,5.537946076288494,3.155020956868131,-0.7513106936261872
2000-02-18,10.300181113389261,6.041603375996584,2.6163637746459028,-1.7448640095826005
2000-02-19,11.056500979600418,6.581012916532586,2.7989784814471177,-1.7232545648563424
2000-02-20,11.32120059313557,6.437072891619305,3.177967020091701,-2.1323170978693686
2000-02-21,11.231999044423027,5.696025517751814,2.6190750555203035,-1.6031791651028224
2000-02-22,11.713655000319182,6.920410081029628,2.950861952118397,0.5315199036469282
2000-02-23,13.209567357970082,8.527664051793442,2.328300706428125,1.3356005003954983
2000-02-24,14.029092871112994,9.27947013786815,0.9190818943322776,-0.20906437723647864
2000-02-25,13.763545548114177,10.208821017812369,-2.4140028611432864,0.22219044857341574
2000-02-26,13.359190230785241,12.216229639461341,-1.8830802865387821,-0.1384875190425351
2000-02-27,12.967887764374021,12.343034021544492,-0.8899824272691349,0.20150334180394164
2000-02-28,13.303592089520274,12.770123815341396,-0.3501530675391007,1.3245204973136062
2000-02-29,14.726236798724292,13.12186438116479,-1.0112785217165814,1.7826719460880103
2000-03-01,15.283981071438586,12.498542590422206,-0.5019100256688462,3.651313376906442
2000-03-02,13.504010896869806,13.733573788322628,-1.4088273635272226,3.2816713256514607
2000-03-03,14.359874302600572,11.753121329861246,-1.7071428263924824,3.5011420832625806
2000-03-04,15.033643162909126,10.853426249366624,-0.11917829022412274,3.833032928305868
2000-03-05,15.501126681890835,11.294110692661894,0.15575109535041237,3.2536188891571842
2000-03-06,16.403502876309716,10.572109988964764,0.6358430937420676,1.16477353515321
2000-03-07,17.046277321803572,10.83735520551002,0.3105038311522712,0.6886621965144568
2000-03-08,17.955076282103178,10.771679836445438,0.2508335203958318,1.7973550148662745
2000-03-09,17.044158429634173,8.388027909877893,-1.8809304875329893,1.2765645677895967
2000-03-10,17.571587939303296,8.063407180929978,-1.2200137202454786,0.8585246292749411
2000-03-11,17.203701418344558,8.404020576696368,-2.22844780114639,1.383640109890901
2000-03-12,17.067770909302467,8.02308287112641,-3.5179014829585182,1.5574820926884212
2000-03-13,16.253033826060502,6.429462102039337,-5.854365931606502,1.0897133514074246
2000-03-14,16.764007963456734,7.206102007622657,-4.712387159369294,1.7561399715746282
2000-03-15,17.324117049871283,6.6091448206842,-4.066683630693048,2.1979832658561653
2000-03-16,16.933322284346588,6.4020291693073705,-3.2314292022926754,1.5823440622893021
2000-03-17,16.86697204425191,6.428439142258875,-1.8503397012080094,2.1471958172030208
2000-03-18,18.020788256528853,5.346323175477863,-3.738264025067068,1.8866556106009127
2000-03-19,15.428767159877864,5.992740781023063,-4.7826064122904075,1.9044829641668166
2000-03-20,16.87201938107065,4.1180983310410575,-5.569076673820658,2.1631169392825758
2000-03-21,15.489922866014673,4.590680741006887,-3.680386854841173,1.5151019657782543
2000-03-22,15.764316903053947,3.494717736207651,-2.853913335984945,0.887972713091958
2000-03-23,16.70634328614719,3.0350185468831263,-2.8459199608090535,1.2626898325957177
2000-03-24,15.728699475913082,2.284487467260426,-1.786071806833,-0.5871670480891362
2000-03-25,15.411604179480449,1.465232057462142,-1.2251976358818675,-1.3399682828343125
2000-03-26,16.51573704194113,2.8277280265206906,-1.2529805150652051,-0.3843891584337137
2000-03-27,16.326171978007785,4.078566319400595,-2.098103540837415,0.6283369023128328
2000-03-28,17.446221693289203,4.371620803097197,-2.3544045537535965,-0.4320691244530851
2000-03-29,17.687093059792023,3.5166666370392305,-1.4898761472978808,-1.6358204009802284
2000-03-30,16.91238786851124,5.699055309812342,-2.0432975839489083,-1.7642462902500289
2000-03-31,17.438249313456158,6.297098839776579,-1.5931466020603815,-0.032668018684442135
2000-04-01,17.473563194819963,4.972723775277676,-3.3643085705627263,-0.8890067600771857
2000-04-02,18.180962002287497,4.273283379531593,-4.3626261531579615,-0.658492762358813
2000-04-03,19.47050210009886,3.256662200667785,-3.3700407752358483,0.26932953742356947
2000-04-04,17.5235299945034,3.504150553033258,-3.602128994490372,0.6354598824440316
2000-04-05,17.71606846087072,4.1455742236835365,-3.5248316529437225,-0.6567766450464978
2000-04-06,15.424143524847896,4.337632280412321,-5.466299739339271,0.914956613384371
2000-04-07,16.092885031793507,5.836621350768947,-5.222515496459105,2.821458811543326
2000-04-08,15.856032867231994,4.214406666260276,-4.458062217576284,3.7486000961323054
2000-04-09,14.87916897174199,3.6175441783814484,-4.899211281103467,2.896903334213733
2000-04-10,14.210848465736401,2.534505762008175,-6.891753062141916,2.549456928682201
2000-04-11,14.639421143383677,1.0188727840949936,-7.021502816421825,3.846526948813069
2000-04-12,13.026149448372426,0.7904067085201024,-6.693430044920892,3.9619230097052283
2000-04-13,13.164740634624497,0.028238364200980026,-5.094562198911611,4.4046223508436215
2000-04-14,13.05626822222186,-1.2607850619941434,-4.5197910894484306,3.8569929933667875
2000-04-15,12.91822953062775,-1.0770947085569915,-5.852257056658049,2.1754439157532732
2000-04-16,11.808049020082883,-2.3363894056592325,-5.672915725462243,1.252839761968862
2000-04-17,12.551884960260377,-2.449080588028465,-6.020955588074039,1.599769705518081
2000-04-18,11.513807558110557,-3.1193951549110484,-6.152189190777447,0.4919677279071579
2000-04-19,11.052303032323548,-4.077838076927541,-6.59554237491531,0.609802464263058
2000-04-20,9.034241652766468,-4.322427569974275,-7.425235930159818,-0.6340552879201811
2000-04-21,8.185204467419156,-3.9948858143006465,-6.625080224526651,-0.7564110464565891
2000-04-22,7.440060576155235,-5.102244944293422,-5.722251599147462,-0.44545568176745093
2000-04-23,8.805556973527967,-4.528950739970956,-6.508765982739928,-0.293252366023065
2000-04-24,8.912736090979426,-5.4080782081334915,-5.976387489242496,-0.863760685016272
2000-04-25,9.398269277840981,-4.806678309089352,-5.951714785537912,-0.8170543197149753
2000-04-26,9.930873382478167,-3.5562949803743393,-6.362384452282764,-1.956231028858923
2000-04-27,9.183193232152446,-3.813089209481736,-5.998535340787169,-3.0324366232108124
2000-04-28,10.358705353419422,-3.9508509098142612,-4.160236427550454,-2.9555564200382016
2000-04-29,9.18432312194962,-5.457349064442878,-4.064116379977386,-2.106965243338126
2000-04-30,8.361611385242323,-6.186382980389058,-3.6940652782583046,-2.353668815047891
2000-05-01,6.561747945834802,-6.62896566478286,-4.567873740420187,-2.706381033358866
2000-05-02,6.7552656902732835,-6.995909688506467,-6.469195562810949,-3.8019243965140506
2000-05-03,6.323759151128272,-5.942731992144146,-5.506533997097855,-2.7851727382719833
2000-05-04,5.478690756074841,-6.876376935315349,-7.706816656644163,-2.47592768738508
2000-05-05,7.029107956032943,-7.266596834144316,-6.948384405215658,-0.8087423967389835
2000-05-06,7.518443654971944,-7.883162718799978,-7.105528165606821,0.9706570015737828
2000-05-07,7.467072894849275,-5.861739893726483,-6.861559281083837,0.39466654221531194
2000-05-08,8.72117027988247,-5.2676181666292425,-7.5629727836461695,1.2381801605190463
2000-05-09,7.238083501057244,-6.535416039155621,-6.548267518522787,1.397185624669757
2000-05-10,7.422286090896073,-5.122910881977394,-6.413860497706513,1.0271052135991101
2000-05-11,8.42189934510635,-6.286110895509696,-5.604377107332232,0.7956082534844009
2000-05-12,9.582264877335605,-5.874556496776519,-5.391282711741179,0.7228932084471065
2000-05-13,9.220989373680462,-6.146768061408418,-5.764618168034145,0.45098816822673143
2000-05-14,10.122692853209637,-5.564672081515304,-4.485074897121972,0.7829162392190505
2000-05-15,9.061828897357625,-5.49004802381658,-3.940105124793938,0.9937951892346657
2000-05-16,8.944271672485312,-6.103282687279537,-3.209478458993725,1.4651356978121197
2000-05-17,10.683598192408578,-6.674293247713785,-0.3999943658106182,0.6070765649786579
2000-05-18,11.167879690051517,-6.966069317706894,-1.3537601417530811,-0.007859681143509212
2000-05-19,11.796831210875121,-7.136363173392263,-1.9187491462040975,-0.6009837015090966
2000-05-20,10.970084924346468,-7.707178878573803,-4.120132946095065,-0.8527874263987925
2000-05-21,10.38914851313522,-10.415686266596195,-4.417501096042262,0.5310718436215707
2000-05-22,9.098751152272914,-10.710252753144477,-6.121646078213314,-1.352813302552862
2000-05-23,8.85345184425838,-11.439326384936429,-7.714747288864629,-0.43486355980035085
2000-05-24,10.347188146783934,-10.96537026804252,-9.707134020956124,0.32953449564602244
2000-05-25,12.83099331212145,-10.310127541348976,-9.885381001959132,0.692802787018031
2000-05-26,13.26777714387319,-10.58171901911776,-10.705839869735765,-0.2548235765712913
2000-05-27,12.433204422427567,-12.54883564474219,-11.692274641769234,-1.6133001849387112
2000-05-28,12.280895805997526,-12.569678155110424,-14.086656192240378,-1.6491140395073094
2000-05-29,11.821717010847097,-13.919505197852697,-14.801468345053626,-0.48409188218165644
2000-05-30,10.831289326405079,-12.979928764700672,-14.027972026506646,-0.31005200851872483
2000-05-31,8.268147464869795,-11.56224487098293,-14.608907745502375,-0.21319155229599898
2000-06-01,8.67765364743957,-10.563809239250967,-13.860612201570452,-1.6992808880515
2000-06-02,8.442719441375818,-11.721606256650155,-13.961957453972287,-1.1921123041854766
2000-06-03,8.643057239435176,-11.727458478565067,-14.683806065743704,1.8034633996640395
2000-06-04,9.359483132844804,-12.168505265450158,-13.472423579809657,3.0492610483797833
2000-06-05,9.705051780059204,-12.144380367826422,-13.34537860489221,3.7845261673739357
2000-06-06,10.183797009336683,-12.815071576518251,-12.226321499286875,5.113534943648321
2000-06-07,10.109508645411097,-13.648349852091238,-13.151974347126805,5.330200411208876
2000-06-08,9.563926542775109,-15.312535349583817,-13.70428784559601,4.855957800380034
2000-06-09,8.075871324534987,-14.047013262359497,-15.253566467018487,5.291280333243637
2000-06-10,8.813973988978427,-14.610337438667246,-14.66487118246148,4.564950316466163
2000-06-11,8.889893591750845,-15.36492180971119,-13.966092566494432,5.564316370839432
2000-06-12,8.931922260536878,-14.681366081375643,-14.934622710031519,3.5772503815907104
2000-06-13,9.642562642099245,-14.717575034364442,-15.374897115164815,3.6397879098195367
2000-06-14,11.008276789163467,-13.401832807152028,-15.113057704306463,1.4335129382740242
2000-06-15,9.274787427048128,-14.114142869988973,-14.645335034592552,0.9865453444645835
2000-06-16,9.406466138065838,-13.939515677424819,-15.33509467068146,1.2901730671523184
2000-06-17,11.16363930661462,-13.83668384027391,-14.582749485757905,0.26759497328253556
2000-06-18,11.508639972454626,-14.579355122760484,-14.558049622530838,-1.3823384648485315
2000-06-19,12.676837724290664,-16.730817135709977,-14.431555175320833,-0.7959770878481702
2000-06-20,10.824828763384966,-16.153692314476128,-14.269186212662214,-0.7747866145897098
2000-06-21,12.436624046104122,-15.002595239544235,-14.699336900087847,-1.4528722139193295
2000-06-22,11.217695272395723,-15.479175621880255,-13.774826671494383,-2.0705552595246295
2000-06-23,10.82982413933334,-15.170806419227434,-15.10707515491512,-3.1645067891858507
2000-06-24,10.66241715332911,-14.37923336208555,-13.343100384391656,-4.081422002607484
2000-06-25,9.728713382313162,-15.406614658621095,-13.581369249070342,-4.094674247093765
2000-06-26,10.575697496806118,-15.078319519920033,-12.89288457017748,-4.584905739412915
2000-06-27,11.470142337021578,-13.603504721581585,-13.513950397470394,-3.781246727320582
2000-06-28,11.45315853930522,-14.38454461230529,-14.667087592499586,-3.0472101036703325
2000-06-29,10.657999231590546,-13.338221622857915,-15.027828616028373,-2.785856222399185
2000-06-30,10.463902701215131,-13.753193634622782,-13.906862337121737,-4.740628698215969
2000-07-01,9.553631909752667,-13.605168683696819,-13.918794055437138,-4.022686987659678
2000-07-02,9.68504827868645,-12.427566749670016,-14.671268230764483,-4.4456763320378645
2000-07-03,12.028091924587121,-13.216935964446598,-14.093266472609344,-5.697825617872318
2000-07-04,11.41474230178101,-14.055132079395577,-13.216974025484891,-4.64667789158536
2000-07-05,11.167426791110556,-13.11098326103254,-13.74501890158528,-3.198157492389446
2000-07-06,10.161042024781032,-12.282257191859843,-12.73200896708807,-3.9334436938458035
2000-07-07,11.191073779211141,-11.461506604655499,-13.026627112174886,-1.7294127091468954
2000-07-08,11.912736321854352,-9.521077502268065,-12.823708409117648,-1.4988327890818438
2000-07-09,12.63964115009092,-7.896822102639175,-12.215606336275272,-2.277692767851854
2000-07-10,13.551268203945053,-6.96429468556618,-11.312962579888156,-0.7259964068597662
2000-07-11,14.565956074974387,-6.581285862764689,-10.64438697095228,-0.5148746759591063
2000-07-12,14.767484405290931,-6.34241864781381,-8.86787531149651,-2.392130156940624
2000-07-13,15.37973372709457,-5.947127761733355,-8.881198821766858,-1.7284718599811213
2000-07-14,15.091608365476064,-6.234526634361837,-7.683975350651104,-2.0976217372000656
2000-07-15,15.699898466446156,-7.22871676023707,-7.535317483038877,-1.3999924991002684
2000-07-16,15.016285912590494,-8.008694339129757,-6.43947360069248,-1.2820390236047023
2000-07-17,14.506493006510869,-9.393330260411279,-6.791986020168765,-1.4266605543168605
2000-07-18,14.97656343068293,-9.806468720650958,-6.592768354023948,-0.1542417337414208
2000-07-19,14.776851709532398,-7.895460625876809,-5.976113047777787,0.48694100864985257
2000-07-20,15.153141735607155,-8.694084854549702,-5.610990527103185,0.2317011052341642
2000-07-21,14.351319986946587,-6.312337654801154,-5.19215491457065,4.1397622785877e-06
2000-07-22,13.188838410462733,-5.882868475289765,-3.2318005308977353,-0.312635577244773
2000-07-23,12.071535077231289,-7.150218984559977,-4.5551409138273184,-0.0136570778741672
2000-07-24,11.733478740621074,-9.233528675468683,-4.1104676776708,0.49995710290923406
2000-07-25,10.330393288741712,-9.304164233474767,-4.002132667998947,2.231491799690846
2000-07-26,10.30171681957723,-8.038624240268895,-3.11220552871079,1.8702126264835663
2000-07-27,10.497925215354106,-9.07107193274549,-0.465368305240915,2.6277028704951904
2000-07-28,8.30885037985628,-8.422835119364054,-0.5002604417804197,2.0012874081210956
2000-07-29,8.123754689143267,-10.22466057027382,-1.165688697210681,3.342794937195344
2000-07-30,7.9651044017667285,-9.942234065450444,-1.364712465986236,3.1544475882376974
2000-07-31,8.044188757221747,-10.46320268561182,-1.5857234062325125,3.2903282354871664
2000-08-01,7.643227558441936,-10.502109758696305,-1.732819600736991,3.641480072444491
2000-08-02,8.689063589716104,-10.725038330954167,-0.6096860879430297,4.636101869206975
2000-08-03,9.223324861159417,-9.628347962218799,0.3018704035709986,5.912247968119438
2000-08-04,9.298690793986083,-9.917867590136337,-0.397586564497842,6.171174591928189
2000-08-05,10.532532486725328,-8.315940083173402,-0.1950286973420067,5.925104522599864
2000-08-06,10.438896249280996,-6.774821785523194,2.10879510333238,5.075038252101829
2000-08-07,10.943255342359926,-6.93923801241424,3.751234337701778,2.9229808891249194
2000-08-08,10.77351384869127,-7.9240558024765475,4.754850291188778,3.7444755901996984
2000-08-09,10.209180948386424,-9.328503416227448,3.198961702402512,4.265957276503156
2000-08-10,8.682632981894228,-7.755849387689195,2.55213325992763,3.374341115668528
2000-08-11,7.795999640053005,-6.473820051100187,1.3288904733465638,4.7752087870048365
2000-08-12,7.696358065378011,-6.504400710324292,3.221431360455051,4.3577048654201205
2000-08-13,7.0900563543406365,-8.513894530312296,2.5935727426452138,4.291086484661987
2000-08-14,6.876853878318049,-8.720387528562153,2.63250927930793,3.042993104496507
2000-08-15,6.32597838756439,-8.492023161078405,3.117170436965531,3.3040886009221304
2000-08-16,6.212330373298729,-8.03093127788513,3.450668594038316,3.195909662812398
2000-08-17,5.486662902456442,-5.890508242893974,3.249962021995442,3.3653370672711924
2000-08-18,6.303043650312588,-5.470073741396294,3.5887701305192694,3.159391400899543
2000-08-19,6.855132609342321,-6.070076192144405,2.860425973270646,2.013577197779359
2000-08-20,6.59350556554493,-5.696407517197256,4.137658175840379,0.3206347994160361
2000-08-21,7.459895108673374,-5.467303883479325,5.7399519488984705,1.336043705059785
2000-08-22,7.813026744756623,-4.550059344555082,6.529000283217162,2.6864026629842988
2000-08-23,8.770243048013027,-2.46213967476107,8.444007123429532,3.4820455781480804
2000-08-24,6.656063059582136,-2.322834540000618,8.600955845465915,4.843342319845618
2000-08-25,7.345698610405322,-1.3931925726893932,7.036776933645218,3.0846948635439575
2000-08-26,7.612332631394222,-0.9501372957119156,7.675475030952247,3.6276674323245452
2000-08-27,7.658618592336066,-0.27351174518679855,7.215569281504323,4.789315690425351
2000-08-28,6.868957527330685,-1.3467952243912589,6.8824100662877425,5.056808433269334
2000-08-29,6.591347590737219,-0.544038155196883,5.58887484344292,5.201832761087459
2000-08-30,5.840693621078971,-1.7859315245848726,6.597924292350058,3.811776893198277
2000-08-31,5.9509407523485125,-2.0483735621619634,7.021845314839347,4.0523878069780075
2000-09-01,5.69599448596308,-2.5782967034248725,6.6533811588662966,3.6810415014892692
2000-09-02,3.454834823921081,-1.331850399415782,6.550108943714849,2.5174470072930553
2000-09-03,4.519998071958437,-0.8575226347753426,8.487409983719196,2.6320144565863766
2000-09-04,3.338473923881696,-2.056640579028164,8.2816505880802,2.766091924801525
2000-09-05,4.188141554531894,-1.0299600878884567,10.361526935010872,2.6608029495905776
2000-09-06,3.2114761363185917,-2.6544859865355193,10.10446586022547,2.736316102630663
2000-09-07,4.0664322178261205,-1.903677341929741,11.339601749615216,0.9547099185286614
2000-09-08,3.790653477486768,-1.9807170225097974,10.481346020170358,1.1202992122968318
2000-09-09,4.798921709000565,-2.8551573095091727,10.997597248701526,0.5198560354971279
2000-09-10,4.231963126151208,-3.3214026112010107,10.043052776979744,1.6173535807531372
2000-09-11,4.051765697759741,-3.8703466619032,11.17571150814767,2.4017554567949593
2000-09-12,3.1527794018382393,-3.4048336861301314,11.621160038209025,3.4947514523719967
2000-09-13,4.471711272926931,-3.3509459239539954,11.443434724307947,4.112099715916928
2000-09-14,5.451196026116965,-3.9537825358817367,13.097793553227127,3.2429989715401626
2000-09-15,5.777690303260532,-2.989428793563417,13.252323144298725,3.995751386408077
2000-09-16,6.938407437725758,-2.863340579453127,13.772712041892264,4.440941003186738
2000-09-17,5.625535290589857,-3.49463816882488,12.828320350994781,5.251746552488831
2000-09-18,5.906185408971548,-3.659507683162765,12.488109918045803,6.789024056658887
2000-09-19,5.890209470493854,-4.486116966669183,11.78568192038209,6.718371421129423
2000-09-20,5.4797908207370964,-3.2229214319240103,11.759412057433424,6.204785991612262
2000-09-21,4.5033167522501305,-1.9359858699111803,12.95086782827201,7.156792329854006
2000-09-22,2.7970802572353506,-2.69359158304007,12.7767474148298,6.632654721980946
2000-09-23,2.231316356149952,-2.8103659344569336,13.646464818399242,8.537297102791431
2000-09-24,3.0095129063284536,-3.695023561860632,13.180953786594264,9.737717704499401
2000-09-25,5.213482070133754,-3.9762533634326993,12.084489537122803,9.660764792043821
2000-09-26,5.714155170288798,-3.406514498379002,11.37634282443704,10.449442601311837
2000-09-27,4.663572061889889,-2.7819594756381347,10.595438118107905,10.584511176310125
2000-09-28,3.6106514074623677,-1.7190720405051256,10.83476022165609,10.052357186789783
2000-09-29,5.195889901018575,0.4094631245488545,11.839874838468415,10.574993261867018
2000-09-30,4.681145189823017,0.42178191046062935,8.500456994822528,12.028068316410067
2000-10-01,6.02629995921096,0.6804164533602262,8.90177167587956,12.306190884431304
2000-10-02,5.630107716273768,2.0769526361470176,8.099965044072302,14.261853698286258
2000-10-03,4.685529372973707,2.756950924787366,7.330308887275526,12.905672628731596
2000-10-04,4.76316590567318,2.2891240003489894,5.9131002021305825,12.06257169689035
2000-10-05,5.9270634504187605,2.0630839067280906,6.660288675403027,13.542774621270711
2000-10-06,6.219564732836414,3.3135365385994016,7.256454770051031,13.72277159364429
2000-10-07,4.434619971018733,4.053416967214181,7.731519604855436,13.447962566409844
2000-10-08,3.5749371119551525,3.665979378989949,7.460960442146206,13.75205507669959
2000-10-09,3.6550671255790377,2.8133854972329666,6.061252445900802,14.5091050956309
2000-10-10,2.533494068954738,4.4482858416954905,7.594772578231517,13.373216302881122
2000-10-11,2.5208388136829885,3.8515984135370775,8.77336972100968,14.65275324387877
2000-10-12,3.26117171985574,4.477298070368421,9.958988945461128,14.71418525482671
2000-10-13,2.684202572122641,5.745338702801829,10.586399735078732,14.147632756557622
2000-10-14,2.6558115462048097,6.022208165037557,10.97383872672151,15.00104365796574
2000-10-15,1.8352507711622095,5.276223108515242,11.94323474321068,15.260466439930454
2000-10-16,3.5870690951344395,3.795827061431003,13.41037226686396,15.725792413156096
2000-10-17,4.685114773864129,4.203457691197859,13.209616642571719,17.769430175156277
2000-10-18,4.611352405290995,3.7308595664272524,13.112895353338217,16.498570238930764
2000-10-19,6.153254836639647,3.5453532060930555,13.731643814613642,16.361678034505253
2000-10-20,6.035531772161168,3.8960630231739017,12.556120296101751,16.27573730743783
2000-10-21,6.360658658411645,2.846565066211654,12.797229311456084,17.886482231644983
2000-10-22,5.041950245316267,2.836639133785229,13.070748475813634,19.178958342506228
2000-10-23,6.219109477645258,2.760856353435423,14.717217849442838,19.12530440337563
2000-10-24,6.446863334963145,2.9346995812495886,16.144738132057213,20.077631417416427
2000-10-25,5.885613074627706,2.862748546178656,14.112640705567786,19.657818445632316
2000-10-26,5.233905207567579,1.4469563352126453,14.847403512878127,19.835587044796732
2000-10-27,4.549401141543196,1.3279817614367886,14.739383363172644,21.2507078507575
2000-10-28,3.7311197504512417,3.360421910239457,13.470806002357271,21.159799999058187
2000-10-29,2.770931366194143,3.808139532883028,12.910220623403983,21.116679652826377
2000-10-30,1.7392310040129564,4.1967292859723795,11.232765677322762,19.35733566312512
2000-10-31,0.6656948931542248,5.438757604820177,10.265362903266624,18.80754889131028
2000-11-01,0.0260394003614296,3.999557355234696,9.166583577411046,19.17086729506631
2000-11-02,0.3174454831070392,4.600941615528042,9.310683813039518,20.231515164405558
2000-11-03,-0.0654836038152194,4.544167757977722,10.031819766655124,18.84813183451845
2000-11-04,1.351690631996291,3.1546650584529017,10.717423032069489,18.54983124669793
2000-11-05,0.9046705180128445,3.2152146387122187,11.609624279000975,16.71870366432806
2000-11-06,0.0526631716094218,3.2193382901250485,13.236071602072021,15.889892642681662
2000-11-07,-0.8345818169412893,4.2547343315436965,13.624732584352216,17.20755388576595
2000-11-08,-2.3350426076098207,4.711587073611106,15.382780828722922,17.634215053787074
2000-11-09,-2.0562934644054573,4.041338744992821,12.70829041612696,18.16128160935135
2000-11-10,-1.7822059860375088,2.4299615618965262,11.567858216686847,18.953974661182944
2000-11-11,-1.5782331480962264,1.5539469675456234,11.23276414140132,20.219763787736177
2000-11-12,-1.0020375973439641,1.739629207490557,14.087189589810734,17.764607436664015
2000-11-13,-0.03057123515425786,3.554397025941441,12.841305374703925,15.492198770355937
2000-11-14,0.10569471591968918,3.994745459707744,13.032033503614842,15.523024598498113
2000-11-15,0.762851167953372,3.376602815038719,12.72475308304854,13.68692363705247
2000-11-16,0.6385467342879408,3.9359133830054076,12.319747400947884,13.570895686141345
2000-11-17,0.8467635378964669,3.197763941143909,13.442076815222524,12.22597611005197
2000-11-18,2.1738694392932807,1.6460267497716674,13.660667609001159,12.423014692745275
2000-11-19,1.4871385756246407,1.2178309948864803,13.451295065572397,12.608612605910109
2000-11-20,1.0931719573217316,2.0385677647364124,13.398025113974416,12.32140158299748
2000-11-21,0.9463771030051062,2.3032780699550117,14.215743825371632,12.554975645246737
2000-11-22,1.1206089858318675,2.022466277464915,14.780339797275838,12.00743893547576
2000-11-23,1.2304636392743669,3.1303938726381424,15.459149606854101,10.106876259673559
2000-11-24,1.8103056408530054,2.3380496377645437,16.13809988844884,9.19315065574196
2000-11-25,3.9090343135176866,1.1219746085912876,19.19293086611152,7.156975887693595
2000-11-26,2.9005412837880695,0.6763677877833847,19.95220788549908,5.807160340465966
2000-11-27,3.223058569974717,1.9111557602046565,19.600068843041353,6.294015381154479
2000-11-28,3.28839525424023,2.488360129159314,19.627720750296344,4.7802153369687606
2000-11-29,3.3959350631889413,1.8948098667300202,20.712223440403495,4.601900833328095
2000-11-30,1.4826329373096905,1.526757952046395,21.0236963672272,4.915436330319569
2000-12-01,2.9602173351303254,1.6632477667514403,20.23832148266171,4.1837959316678335
2000-12-02,1.231471498925119,0.3714132914595347,22.256085522216015,2.8075796853905173
2000-12-03,0.7710708171663453,1.138111575899416,23.1704355512039,2.6017947593450796
2000-12-04,1.806883946024188,1.6814132922186502,22.621696715630957,0.5670859995563688
2000-12-05,0.3665123601337048,2.149790158958491,23.40129627981457,1.702232245207195
2000-12-06,-0.045810001128389066,2.9477373360132435,23.990282628979802,-0.14880906063771393
2000-12-07,1.4828238691486986,3.688124493281978,24.412792061941012,0.20680113887188006
2000-12-08,0.24573077587442027,3.861060873313288,25.17777275420624,-0.23544857197568192
2000-12-09,0.8058011329392188,4.478231482420949,25.081799552105096,1.6685876780855127
2000-12-10,-0.585251247029405,4.740177111250328,24.690926346795862,1.137224480812464
2000-12-11,-1.7507161854191402,3.4749281253777466,23.16169972422918,2.8197484558316246
2000-12-12,-1.9067872049026402,3.3374574699717785,23.600123948460567,1.5666630506960078
2000-12-13,-0.19505139582990783,3.29268018835062,23.037042885660448,1.6430347796531148
2000-12-14,0.7609700067865902,3.9368362322567005,22.78583972253206,1.6105822709247541
2000-12-15,0.05183323890316405,3.8748997997282935,23.21585697357877,3.385425324498203
2000-12-16,0.09624227630652918,4.617357939457759,24.02009528650682,3.291443600365174
2000-12-17,-1.778449868153572,4.304134283775285,23.959507440609105,3.310807065024816
2000-12-18,-0.8151872492511028,6.018050342659766,22.735653602914393,2.5621303315104815
2000-12-19,-0.6485847749851583,7.1196842337073285,22.360926722618164,1.567927284544721
2000-12-20,-0.227201767371137,7.981728533138336,24.117763616253175,0.7179525065324669
2000-12-21,1.0737355763107128,6.726628334896384,24.37112970415837,1.2052595361865346
2000-12-22,0.34150709689585845,6.286400173814392,25.763301522792382,1.6885906937639314
2000-12-23,-0.13586478842697913,5.815837075174932,27.8617256160731,2.508241085950136
2000-12-24,0.41379274547097666,6.992337500875987,27.793828240130896,3.1523980640676807
2000-12-25,-0.1591139425211745,6.279629021173574,26.577018885645057,4.781476845297238
2000-12-26,-0.300469103418661,6.593715875759039,26.288099402641574,4.376364472244844
2000-12-27,0.3311118093976429,7.610850198569135,26.848235139691514,4.378542752439506
2000-12-28,-0.14137138738625388,6.524779660018131,29.293005476851352,3.6100972742551747
2000-12-29,-0.20121240016475267,6.294530057537413,29.608299919482555,3.210594976912837
2000-12-30,0.49866976195152085,6.456797663273081,29.382827894509894,2.963377391541843
2000-12-31,0.7069695116966244,6.561253508720847,29.858917686339865,4.027267996137052
2001-01-01,-1.4698894465727304,7.747339749566221,28.75824492265636,2.959237015413393
2001-01-02,-1.836392515684563,4.983867331812313,28.398883690717646,3.2745267016696094
2001-01-03,-0.4720334030450788,5.489948983044297,31.034839454153698,3.110443892938377
2001-01-04,-2.01121989125747,4.546213163934597,31.041279949851997,2.9479352943105286
2001-01-05,-2.011379126242389,4.882290216857352,31.554444546667124,2.4468725682479846
2001-01-06,-2.306086235741172,4.617551255790932,31.49194379027723,2.4292716895687434
2001-01-07,-2.595368144466918,6.135986785280835,32.51000007501908,0.9487177467156493
2001-01-08,-1.0654454263044673,7.035299984722603,32.717231113940116,1.3358501887187981
2001-01-09,-1.4451680976632442,6.580052781035664,31.39139299843653,1.8430422756083402
2001-01-10,-1.4194827190016015,5.42470871975255,32.385532699939596,2.1763340769807114
2001-01-11,-0.936870006033448,4.167297321126342,31.535290778432046,2.5314496691789845
2001-01-12,-1.0729135999030694,3.6724723412292692,32.49945853200111,2.0393102290805882
2001-01-13,-0.6573467918103197,4.007423749747111,32.09406340019175,2.612011402496859
2001-01-14,-1.5107725725864247,4.479864517380942,33.32746441696777,4.53461294278828
2001-01-15,-2.3003318881409327,4.272149597723179,32.31039275671204,3.8528577505876305
2001-01-16,0.1268065736577575,2.594677454963719,33.25374582544997,5.048726626444031
2001-01-17,-1.4805387487200345,2.975673329520483,33.88995739195898,5.208374856542436
2001-01-18,-2.972024485725192,2.3743322928482455,33.65367550520498,5.302357284574651
2001-01-19,-2.4688235982298212,4.544662559584814,32.79372952160551,5.059700901915231
2001-01-20,-2.7343627483683637,4.584953724068294,34.77058547237095,4.854024167823393
2001-01-21,-2.5092780364653673,5.505785679779275,35.80627380959491,4.02444160036956
2001-01-22,-1.9979060114807927,6.217817079733619,38.352374267701435,3.582294584656716
2001-01-23,-3.559969686037637,6.8892297885266025,37.65543295403247,3.1102653954079815
2001-01-24,-3.0686019241712152,6.185319358124171,37.12128650601753,3.9026026477082882
2001-01-25,-2.4684714336557394,7.100239876262921,36.18685938272596,4.295103322013136
2001-01-26,-1.0078267269267114,7.9571493934760005,35.434813322866695,4.0929262837629645
2001-01-27,-0.07796175912065573,6.764490792111401,34.24331400826286,3.8514924518452864
2001-01-28,1.4825642196125068,7.3535307314676235,34.38628438965284,1.6732702285033358
2001-01-29,2.0191147358302093,4.72364764333703,34.228768211063695,1.7781476132363259
2001-01-30,1.3321394160685083,2.35181774008647,35.302218542823134,2.0218602769906875
2001-01-31,2.1787455150945783,3.075521591387021,33.54863403930186,1.8465865697705883
2001-02-01,3.1195311379573076,4.4138702482353995,34.106301365304354,2.708922126345654
2001-02-02,2.822597619422652,4.931727635178175,34.27202630464744,2.537394833322013
2001-02-03,4.069965142189869,5.699948717839407,34.54495143278541,3.788200357119436
2001-02-04,5.075760699755955,5.355300313510759,35.683616246141284,4.496355205526668
2001-02-05,4.408701117700092,5.698390988492728,35.622684134038174,3.837826768711432
2001-02-06,4.808321938205067,6.480977843424514,36.72731610879503,2.9057073671956366
2001-02-07,4.114565310147402,5.286109630186817,39.53034361527276,3.6630525825006437
2001-02-08,4.405471779814756,6.473929623512083,38.21227466616461,3.778430816659354
2001-02-09,3.3776194678153044,7.463489114126547,38.68409490606686,3.308737651205048
2001-02-10,2.0533985779473913,7.402483629449085,41.18318110489644,3.9582783463281475
2001-02-11,0.8618343915424116,5.603704846163678,41.514828683138944,2.1415253089207362
2001-02-12,0.6412046687356057,6.278339218743969,39.886065005421855,2.344528702337374
2001-02-13,0.8011963970624418,5.586160904766109,39.221013715133196,1.9017485771132798
2001-02-14,1.0781610893436013,3.49382379663252,39.41410477874753,2.043194749955112
2001-02-15,1.1405306836880496,5.3146611328139235,38.38949576510152,2.2926520823594583
2001-02-16,0.5591498029652552,5.562336083621278,37.6983379510813,1.5582387637889312
2001-02-17,0.5359787567089533,6.7357989498857025,36.55628678312678,0.18887318695572963
2001-02-18,1.9366196348667095,6.740186733139152,37.39894422242733,-0.06072368633446859
2001-02-19,1.4497023461074463,5.441164584646388,37.88304081591789,-0.6675991309755553
2001-02-20,1.2892587802500373,4.444092677788801,36.65208085875592,-0.6595587711878517
2001-02-21,0.5861659529438616,4.717544255134191,37.06872997673361,-0.8374249496118937
2001-02-22,0.0424578021178561,3.8429140511455984,36.18803792590796,-0.8482458846288435
2001-02-23,0.30886963363350234,4.2557708072483615,35.85296208354405,-2.0504656354569653
2001-02-24,0.8666185017004877,4.361934264803398,36.17323302120088,0.07169025779683924
2001-02-25,0.3709026607237703,4.831718523410253,33.18937611510373,-0.521217736822092
2001-02-26,1.3930362433097114,3.6159521180949183,35.09097091745779,-2.2057460325913505
2001-02-27,1.1836650606778403,4.975170754865183,35.37615321779955,-1.8764547204575213
2001-02-28,-0.13385964689117347,5.801371827295701,35.440016620729324,-2.1054692627974565
2001-03-01,0.9730619952313133,7.425198675272352,32.92727289272471,-3.3464882014360597
2001-03-02,-0.2896154768317838,6.331234128196911,32.70522816769891,-3.297136368299492
2001-03-03,-0.776178976737542,6.436868783869187,33.2901831545098,-3.382173656311184
2001-03-04,-0.28391921179827173,6.1049758726822345,33.313992853052966,-2.414972343082395
2001-03-05,-1.5877141618495378,5.960437119201074,31.917388625423637,-3.8209490025037294
2001-03-06,-2.2791321538076366,7.340930670752404,31.595687621939287,-3.2454619741329434
2001-03-07,-1.6083005748571915,7.560376093493434,31.319632200070103,-1.3111373061650893
2001-03-08,-1.090307376054748,7.710247788650963,33.18474253828883,-1.5254415726678476
2001-03-09,-2.4432738877968756,8.12229712212826,32.274761114249216,-0.8865274437781985
2001-03-10,-2.5393559227529003,6.931971531395486,33.628332937169795,-0.40601125267390886
2001-03-11,-3.653387724134051,7.353598974478868,34.23861790963501,-1.7243847200499323
2001-03-12,-3.0957778012763644,8.472955188862517,33.84888063034812,-2.379081828699738
2001-03-13,-4.425478930550019,8.044846631717094,34.127014472483246,-1.3198300614501615
2001-03-14,-5.211520334681825,8.258536359402186,33.16169905468542,0.28535690578201645
2001-03-15,-4.400785821741271,8.126597604768435,33.71797649161734,-0.796413157126298
2001-03-16,-4.452557661487905,7.888664803108772,35.32584818987986,-1.936185642687279
2001-03-17,-4.759268212713092,6.748621305612908,35.64332413782413,-2.656684447990247
2001-03-18,-5.5135034839707835,7.64883790390355,35.321798251984525,-1.8219981377873133
2001-03-19,-3.849309430233388,7.551992590051363,37.344564635705765,-1.7709010100981086
2001-03-20,-3.8255607573022448,8.178394037441032,37.33494861673068,-2.7023789398467457
2001-03-21,-3.3416044842570782,8.41944847131558,37.0428815402184,-3.190707653982783
2001-03-22,-3.184022806921976,10.052968400693501,36.879980233814926,-2.700760788016883
2001-03-23,-1.229153065493246,9.49919955971939,35.85602657414175,-3.380381146375802
2001-03-24,0.2383301690072117,7.547081260823459,34.01149505043197,-2.6525242053216163
2001-03-25,1.4334380287694066,7.057834733875108,34.44060260914573,-3.076103377408866
2001-03-26,1.6858089934604976,8.124706240909111,35.191656732523064,-2.8552282220128227
2001-03-27,0.9555326541741969,9.512394813978496,35.31297841608294,-2.411212706719864
2001-03-28,2.879450186309546,9.76851552186329,35.54766928626715,-4.242335586621645
2001-03-29,2.3237904096254547,10.533675031435052,36.78933139138861,-1.667369250210514
2001-03-30,2.2244935355820434,9.613426556151788,38.98747412782397,-2.204162673258162
2001-03-31,3.5833713087274184,8.785225579000288,39.191309641273115,-1.6453774519967757
2001-04-01,4.45959129228005,9.508824633654962,39.194727000916735,-3.012915900342005
2001-04-02,6.410779961391466,10.591888460219117,37.945987604580665,-2.3386122765486603
2001-04-03,6.749157588323059,10.344625141941345,40.30763333710327,-2.4625736341408455
2001-04-04,4.896115399414639,9.59924354452448,41.17757534289162,-3.520750503340577
2001-04-05,6.10691403378349,10.601109644538534,41.06612556266227,-1.444908053865507
2001-04-06,4.841961088148356,11.154067187477313,42.48683711558493,-1.2916460257583897
2001-04-07,5.609437684755124,12.608893630934052,42.28307426932573,-1.9963785906352638
2001-04-08,6.311133881090526,13.712322992293739,43.227998642894256,-1.3244597032449872
2001-04-09,6.093317253417917,14.749314115577173,42.12369805127349,-0.81069570224819
2001-04-10,3.7044315325371926,13.658454704535034,40.36034622715504,-0.68395652790823
2001-04-11,3.3067849141851378,15.346930674302357,39.685765160617116,0.8016673034514241
2001-04-12,2.9284507914644644,16.065639131433464,39.56201623872662,0.7721385219730424
2001-04-13,2.815527199812709,16.690752413817425,39.584301422884636,-0.12036910969145154
2001-04-14,2.1191059985151908,17.490216962877774,39.811881471781476,-0.37606254232322783
2001-04-15,1.1715277431482418,18.8589515179215,41.31821897052684,-0.5742000618865413
2001-04-16,1.1152827216057333,18.694403008101194,41.6337154209166,0.16976716935243463
2001-04-17,0.6184119337315566,18.00382467946008,42.354687086790356,0.40825654598883354
2001-04-18,1.962112084920665,18.69008544545512,41.14632854245462,2.3043725328638303
2001-04-19,0.6770815648342574,17.54191420871732,40.76405234577325,2.2948895621321794
2001-04-20,0.7775523867024742,17.179484994669366,40.38030496020837,2.2937686485573208
2001-04-21,0.19146242761138654,17.321962365860415,40.08173302597504,2.4845032049016575
2001-04-22,-1.2116775479161865,16.394580629597368,41.08791837129772,0.974671117848567
2001-04-23,-0.38611831464987056,16.79279921799326,42.606190190199506,0.06372018582656758
2001-04-24,-1.3488271302185593,17.16317069448885,41.868022174275616,-1.1655894760252385
2001-04-25,-1.3132536699832795,16.475168067288642,40.20749846944231,-1.4850156234984508
2001-04-26,0.5251232715435512,15.227538803704263,40.691165853167654,-0.7524169459018328
2001-04-27,0.4741099598651889,14.661954524263333,42.17098594793105,-1.9765423448338502
2001-04-28,2.1586654825412026,14.093465358300323,44.15971712578501,-1.4688342615992374
2001-04-29,1.8369401096129385,14.609504767786298,44.318466930789924,-1.8692089420203066
2001-04-30,2.3233334438313995,14.52364328329746,44.64519363723787,-1.7205386108744989
2001-05-01,2.861887670213412,14.819204960684432,43.779650272178685,-2.2138046052610405
2001-05-02,2.61486189311742,16.080167080023237,43.59466401554819,-3.51591468339387
2001-05-03,0.5880310033914817,16.867123485009976,43.89749917545652,-2.2928587283383135
2001-05-04,0.6768259356405353,18.1845997171412,42.48687161063255,-1.8387220796772097
2001-05-05,-0.7001330504725305,15.98612060086943,42.13179684664957,-0.5581308118073465
2001-05-06,0.3158403355759136,15.690350711485756,39.731712819156925,-0.6656958054637022
2001-05-07,0.8349738512509,13.783717667477143,39.09413239834915,-0.5182676769663317
2001-05-08,-0.7988071190543031,15.637460444410523,37.68070743062627,-0.7359231897385703
2001-05-09,-1.8598090425876785,14.385834409219727,36.8014971152431,-0.8510678977917043
2001-05-10,-0.5288974234334933,14.30624281440574,37.598006556857804,-1.977829061494754
2001-05-11,-0.5331340999942203,15.00482918264623,36.85735744578752,-3.4820783431390843
2001-05-12,0.8957725898550749,16.970772928236734,37.18188674658965,-5.1016209109795305
2001-05-13,1.5545613645908727,19.075275061271263,37.92005119595178,-5.417234287464976
2001-05-14,1.8842273044731992,17.592980285963613,38.18734437736974,-4.999435836375657
2001-05-15,2.369785891834416,18.738713415525996,37.152551217065934,-4.6987827476352315
2001-05-16,2.283209149651475,19.65203497499096,36.37021028327317,-6.053036190521954
2001-05-17,2.9854563613930445,18.83122010865054,35.38847836556417,-5.636937801797303
2001-05-18,0.6551632493118285,18.084550491866345,35.64065350650601,-6.1371059093970075
2001-05-19,1.2941832306309764,19.775616027190512,35.295814237535254,-5.560068837681228
2001-05-20,0.4064582634365358,19.10809288648769,34.11701230747781,-5.379709682939408
2001-05-21,-0.23475713687685196,19.567354666105157,32.919510594961814,-6.397715230331398
2001-05-22,-0.15465665069293072,18.066680184207293,31.784421535395385,-5.362396747446098
2001-05-23,-0.3907668258070416,17.777139041234868,32.93076196157508,-6.020172755821118
2001-05-24,-2.049986028304069,19.38760224085749,34.182998951693094,-8.495055269476609
2001-05-25,-3.06062816127077,19.27708950456159,33.452712724019236,-7.615700656069138
2001-05-26,-2.678714266162811,18.45841153733777,36.0501756993785,-8.14722483056942
2001-05-27,-0.756707481593961,18.528326228781406,35.396930213918566,-7.464597931885752
2001-05-28,0.13643408746035413,19.031542829055077,35.66705882848508,-10.538972444559327
2001-05-29,0.17807443187571212,19.511223652736533,34.452557210109454,-11.683777885892443
2001-05-30,1.4712465348372747,18.12723296699526,33.911307811400015,-12.393501862808119
2001-05-31,-0.06378293225476472,19.497597817001612,32.85301721207027,-13.491357472152854
2001-06-01,0.05037068046617575,19.755138195227023,34.26658306844216,-13.619604224760891
2001-06-02,-0.5181612920838619,19.911474625977366,33.265121451925076,-14.142264381883743
2001-06-03,-0.462355967786986,19.90161462719186,33.330669674118965,-15.009317900005772
2001-06-04,-0.10111170682130632,19.26933515872832,34.333409583583745,-13.142976127396341
2001-06-05,-0.25947263554169564,17.805523520848165,36.199417601721265,-13.538379086516073
2001-06-06,-1.8774931263161403,18.722004584078295,37.16685198075894,-11.732918097096388
2001-06-07,-1.7772411131275836,17.70502304941691,36.42742512845551,-11.871459859613017
2001-06-08,-2.2580556943692462,17.992329989720417,34.900783247288956,-15.808944560327072
2001-06-09,-2.378888779698356,18.99910065635672,35.10782121175459,-15.204814296386745
2001-06-10,-1.877427361436169,18.845046482594626,35.681847746778466,-14.088631303103254
2001-06-11,-2.661187566145862,18.99013925445415,35.3527250773049,-14.376089314643705
2001-06-12,-1.430878475945146,17.964247988734037,34.25810098411902,-15.247519103442526
2001-06-13,-3.119850912304596,17.679048777303024,34.655981338288015,-14.384587100855594
2001-06-14,-2.9984152835615445,17.32281000880304,35.455552764519,-14.255411075249322
2001-06-15,-2.0511404247654066,17.99822480411308,36.4719446784921,-15.06344998098278
2001-06-16,-0.07785410893732148,17.790579332514973,37.818252703201196,-15.143006552407593
2001-06-17,0.31069753722836924,18.248707141188767,38.653297689779016,-14.372899063691747
2001-06-18,-0.3930986224112961,17.569660368457306,40.32524381023626,-15.065014961225708
2001-06-19,-0.0427773466972744,18.010005302328405,39.611546892070876,-13.224881119944978
2001-06-20,-0.4796815485017233,16.387643376968793,38.514180944455,-12.748685703332518
2001-06-21,-0.6505390510257245,15.506041638056967,38.49950716868668,-12.328467985120714
2001-06-22,0.09271653179597128,13.830746991861684,37.17380017735002,-12.112411999848426
2001-06-23,1.70523195971831,14.692508337472637,35.442636693660255,-11.818778257211715
2001-06-24,1.679090554230008,14.90158895677824,35.28344285844355,-11.786498461620498
2001-06-25,-0.18505736743974044,15.845369837247127,35.228506734016456,-14.754386059138
2001-06-26,-0.3964416542261742,16.84720811939705,34.46408087672535,-12.960254865365448
2001-06-27,-0.4418341383681354,15.30396460226356,34.286005791653146,-12.907555433493135
2001-06-28,0.017529633416136947,15.161928615895572,34.11715525424414,-14.497087351266122
2001-06-29,-1.3232362472821328,14.32555072643956,33.55607044940611,-14.067598663263844
2001-06-30,-1.11084192851729,13.542641090889742,33.250571350036594,-13.938107348007025
2001-07-01,0.5225378154109546,14.335169003189868,33.268610677548274,-11.540412411164102
2001-07-02,-0.3762659033289074,15.20155240802451,33.36130921213921,-11.234482706342256
2001-07-03,-0.6801076793684937,15.15453099667751,33.038004482898316,-10.451663198747726
2001-07-04,-0.2653841168896505,14.683668525096023,33.7913276968819,-9.484173070114839
2001-07-05,-0.7247055410982954,14.23383973921677,32.6023720748672,-8.764134301633046
2001-07-06,-1.3022455647573377,15.767613970518578,34.37526951464881,-10.228101155274096
2001-07-07,-1.0186196180435114,15.637877960738107,36.42449686305791,-11.451425627155663
2001-07-08,-3.878327357085574,14.912511744359554,34.73677773185433,-10.278154889665437
2001-07-09,-4.889760038092758,16.074750726855527,34.724649855686984,-8.081483573005675
2001-07-10,-5.94686645876441,14.754000039411848,35.639979420197754,-6.494100505091923
2001-07-11,-6.091799775588362,14.881970277549067,34.52393325509872,-7.625720314777707
2001-07-12,-5.6965891721143915,15.757100719076526,35.01271595834627,-7.526730569619978
2001-07-13,-6.29875404754573,14.774065334643385,34.35764043023985,-8.59249060786582
2001-07-14,-4.444715333481126,14.88798478030867,34.310787475891786,-8.353685894399923
2001-07-15,-4.906803893938346,16.043257119571,34.082772473662274,-9.305289827895267
2001-07-16,-5.550637780813927,15.649058167672685,35.25884159319439,-8.815574838770752
2001-07-17,-5.360797777293269,14.423070174462753,33.6155083995299,-7.572101507056452
2001-07-18,-4.675964151355341,15.179545718399131,32.99804748080803,-6.937323427392874
2001-07-19,-4.647958618168892,14.347549686413057,32.9894945016183,-5.368467792014606
2001-07-20,-4.497356751917139,13.669570084242746,33.610650500972966,-7.1525026367594595
2001-07-21,-5.483059667955331,13.071937797589044,32.875209020496165,-6.671557590039545
2001-07-22,-4.4341511468293575,12.525580365515328,34.128598181105396,-7.420702512190526
2001-07-23,-2.418458245223762,12.348645228804191,35.29082481486831,-8.188263917593488
2001-07-24,-2.7709535273910855,11.490024805627671,36.2158750975388,-8.552250342588836
2001-07-25,-2.782012496989316,11.477186597380188,34.86777752576591,-9.519810414515822
2001-07-26,-1.165862166807189,12.89427766032282,34.96279692077094,-7.777814597028819
2001-07-27,-2.885334067129526,13.787263745137226,35.40007826520202,-5.096239410781031
2001-07-28,-2.132988081274586,14.562985657856398,36.17972678613283,-6.332401096817272
2001-07-29,-4.025196512344495,14.588448690705082,35.395003656609084,-7.809060078320258
2001-07-30,-4.0858082372698314,15.830698181983559,36.29433412469478,-7.8102382604751295
2001-07-31,-3.84152212139049,16.849122396466136,36.01771130402465,-6.252566394708454
2001-08-01,-4.674816530373571,17.265627059603332,36.25904721565492,-6.969981759114984
2001-08-02,-4.218944524608601,16.687677978400796,37.85515833995422,-8.349630444714691
2001-08-03,-3.323932392315493,17.38617596749952,38.25111282277803,-7.447038403614759
2001-08-04,-2.9168036809797613,16.966514200209172,39.13075774640476,-6.319174625649517
2001-08-05,-4.319985414920317,17.472068975807442,40.05584056492012,-7.6704266256618086
2001-08-06,-4.674216896990623,18.540366812776607,38.9183239973148,-7.316740667715794
2001-08-07,-3.627550814218395,19.715337711656964,38.792350410375214,-7.9345217047757775
2001-08-08,-2.5885184083662898,20.86965225385815,39.94449296157279,-8.230039852209481
2001-08-09,-3.8926280908401667,21.181817234469666,39.64765363813286,-8.72533021266109
2001-08-10,-5.288685895033602,22.586360227429495,40.73976479849019,-8.558783083997367
2001-08-11,-5.905877272763825,20.568594022796695,38.94071471649573,-8.746402287131678
2001-08-12,-6.09235521291113,20.39869991795939,38.41784192122442,-9.097768541544017
2001-08-13,-7.493209626786639,20.209019856960854,39.238979971284124,-9.615712987336384
2001-08-14,-9.76786928100995,20.33852002484226,40.81149083555273,-10.378503107485912
2001-08-15,-9.87925994817427,20.66263266923374,41.41866113424445,-9.575402288627764
2001-08-16,-12.215606999216856,21.351864540147073,39.77405726878651,-11.696239452717318
2001-08-17,-10.719424458637244,23.63125301726799,39.982771700659136,-12.048016900401791
2001-08-18,-13.00196912867523,23.71656668245696,38.94339623600801,-11.281921580487342
2001-08-19,-13.217607408840893,24.933016066627605,39.89027203973791,-12.619447804462993
2001-08-20,-15.098435682387162,24.344350121265542,38.79055025668853,-13.583756698589886
2001-08-21,-16.479695419345493,23.29880429251793,37.269436293718286,-13.971730828576264
2001-08-22,-15.594374752358027,24.432465498561378,36.59120908510032,-15.980184016825799
2001-08-23,-14.561121972371776,23.744349181228472,35.27560844021979,-16.37291176540762
2001-08-24,-15.104673419682308,23.15709772291906,37.93316536275937,-16.647252742701646
2001-08-25,-13.879113438869998,23.06067066067452,37.79923574068447,-16.850521588719467
2001-08-26,-11.680794822243277,23.57594338324704,37.25902688989326,-18.199964272990243
2001-08-27,-10.73471424956216,21.71773069461303,35.47707337191917,-18.185055247075493
2001-08-28,-8.993695347912134,22.88420197000071,35.584864677559814,-18.629640175287605
2001-08-29,-9.121696477482653,21.45072211278436,33.623822855751236,-19.285818391574924
2001-08-30,-7.875692625416297,21.539491353752528,35.758323013922855,-18.671813594131358
2001-08-31,-8.073997978156104,22.009850146675575,34.81182500961292,-17.25386656283761
2001-09-01,-7.513049856517217,23.688552221814795,35.188136904099125,-17.50812020733231
2001-09-02,-5.439475688874197,23.660759555936348,36.84062938766488,-17.822742517400794
2001-09-03,-6.0576416607319326,22.232356964029087,37.339150078575344,-18.96231655383231
2001-09-04,-7.286234704479402,20.569411686298054,37.267599497130234,-17.927148106786245
2001-09-05,-7.269061753972209,21.65587569927091,37.82084415290798,-18.11592360614823
2001-09-06,-7.032844612315635,23.034815690154083,37.82106318008765,-17.85877467835877
2001-09-07,-6.737052479439101,23.663945204655892,39.25156455341733,-17.428636356879917
2001-09-08,-7.879851026812427,24.445169110221716,39.684903051384346,-17.777501520481703
2001-09-09,-8.915279840101086,23.966627072902515,41.3909647509817,-19.107269161242318
2001-09-10,-9.57851602399561,23.78328002367444,40.334119079334734,-17.804344664657016
2001-09-11,-10.59862420549347,22.639829836594757,42.03990915115241,-17.83255069697648
2001-09-12,-10.782504230087087,22.813415443400558,41.63706480855518,-17.981235014579525
2001-09-13,-11.092200581722754,21.92367075239548,40.177275030946916,-19.0292509724121
2001-09-14,-11.112226127316916,20.343003836042207,39.384913039170584,-19.70220281526
2001-09-15,-12.751509527277886,20.3810999234411,37.48036318721272,-19.528800102960126
2001-09-16,-14.41033986899235,20.47700886221052,37.27614302845464,-18.788044049165876
2001-09-17,-16.646021396350598,19.89676671895954,36.85386201434573,-18.500350078425882
2001-09-18,-15.341530463245583,18.197385459218378,39.4474274251439,-17.0999458002285
2001-09-19,-15.546960057226222,18.80478990216466,40.475856431921336,-16.254367840224575
2001-09-20,-16.146094762018148,19.98308390111766,42.38099686166786,-17.454978488631266
2001-09-21,-16.146189186442392,19.27283874825199,43.38741190111385,-16.949545463378428
2001-09-22,-16.40102853807388,17.443036673217865,42.03672795061456,-17.671750736913634
2001-09-23,-16.789647623666973,17.18502848237679,40.87173437314831,-18.135402432640777
2001-09-24,-16.827388097657558,17.518851841237698,41.33741731955737,-18.046534297943115
2001-09-25,-18.076665233001496,17.13591242309563,42.48340575356949,-19.486919292864656
2001-09-26,-17.36742921315431,17.58000008855654,40.869917808862844,-20.083420651697573
2001-09-27,-17.929989430354176,18.75099968324576,42.742354179068535,-20.653124876098648
2001-09-28,-16.60675615795963,18.482731884268436,44.418380921774485,-22.54036917983235
2001-09-29,-14.975816324467157,17.935255372901455,43.869742938948036,-23.751146861065607
2001-09-30,-13.913511398110595,19.06722545824333,43.60371855729652,-24.940281273983217
2001-10-01,-13.543417761327344,18.901649894337208,43.59539617082018,-26.00892529198053
2001-10-02,-13.16631798400391,17.42340985775245,43.81430805600635,-25.53941605966957
2001-10-03,-13.081905607680923,18.13435835607982,44.91361185889535,-25.910815543556627
2001-10-04,-13.326377666346826,19.384256187447054,43.84399441773017,-24.48669193744988
2001-10-05,-13.79037438068687,20.056387940876185,44.53142534836592,-23.91708366648241
2001-10-06,-14.29905765304006,20.861409698894757,45.82008656799967,-24.25466877474434
2001-10-07,-14.749790462414092,20.32287621738084,45.405902246987104,-23.851048149499192
2001-10-08,-15.412411724345558,21.203603477508437,44.13441569323282,-23.484495054379668
2001-10-09,-13.768220193124943,21.20781912519785,45.38270685853973,-24.65391659206712
2001-10-10,-14.825297231591854,22.01497661136686,45.30733166264315,-24.6637132953232
2001-10-11,-15.75552556304297,23.213190223326155,45.417868974832764,-22.561755577035566
2001-10-12,-15.312352396248889,24.766302260381593,44.10851600377866,-22.702809796613288
2001-10-13,-15.149814747954755,24.540915630653213,43.35164146312683,-22.686573572731884
2001-10-14,-14.45277237570322,25.048398472647907,43.2511744872818,-23.990901964680752
2001-10-15,-15.022796431010843,26.16563627251298,44.910801411573864,-25.25997625183729
2001-10-16,-16.31717781060183,25.02493734208988,45.07557569447351,-25.788283393486516
2001-10-17,-19.021724778200905,23.7379865681675,44.803437865693155,-25.985199787723577
2001-10-18,-19.506412215833635,22.426179490450043,46.134908648837516,-26.736565154235013
2001-10-19,-20.60151913463614,20.87884880828256,45.387280838501965,-25.18230933805006
2001-10-20,-20.984550405218393,22.964551424658616,44.81020286012013,-24.28775104300709
2001-10-21,-20.6832332652472,23.96915231213466,45.73968028132753,-24.315251239759508
2001-10-22,-22.493388544134575,25.665995821419912,44.80371268425736,-23.403798636144302
2001-10-23,-21.948092470817432,23.780212417432686,45.543481553732725,-22.65229556103344
2001-10-24,-21.79601643948328,23.975926793181213,46.211797752456825,-22.974758995968788
2001-10-25,-21.986611564091486,23.060570924777235,46.621458842840354,-22.417700902262474
2001-10-26,-22.428400367846532,22.886673582415643,46.58759000460341,-20.71698126905242
2001-10-27,-24.533332743126383,23.977194944083088,45.965934874653364,-21.086258348761216
2001-10-28,-22.751836603675276,24.775904055718435,45.94819971491434,-22.586776588915342
2001-10-29,-23.949101051464144,25.09610304750381,46.56104683228246,-22.3498922386719
2001-10-30,-24.366475920217102,26.328387489751215,48.46903751641577,-23.7267758335409
2001-10-31,-23.928515185106917,24.726294666709713,47.082081708265775,-23.624927036450643
2001-11-01,-23.266551853414015,25.383539833038483,46.422483431971,-22.42755132105841
2001-11-02,-23.561989933732587,25.58055957516392,47.29858407891668,-24.34756141832362
2001-11-03,-25.392626077929364,27.79380897534402,46.605016333380554,-23.66016107230777
2001-11-04,-25.684644953605503,27.463771880029828,47.664006037592394,-22.783297663395413
2001-11-05,-25.276288571048386,28.111835365467766,46.72774994706949,-23.778838539510808
2001-11-06,-25.341430759040392,27.627885262794912,46.18591741131847,-24.724942834751666
2001-11-07,-24.53423365329951,28.007496857126675,45.631328507118084,-25.405665792069115
2001-11-08,-24.587735802597596,26.207534660167557,46.42765235988022,-24.44986176958432
2001-11-09,-25.549258923705978,24.965670721674236,47.310418097295575,-23.789520628180494
2001-11-10,-25.74347108477634,23.60764274750086,46.94781227182337,-22.579978884173233
2001-11-11,-25.920418913196873,24.854409525844737,46.85868014862633,-22.600273129757944
2001-11-12,-26.996487067477073,25.68780175910394,47.51200453073019,-22.09631784430165
2001-11-13,-28.68652004421007,26.614665582302557,47.322272030472234,-21.760841654731685
2001-11-14,-28.809683673345685,26.22230131347198,47.21808300638886,-21.81502349147062
2001-11-15,-29.40330899785318,26.920555630051133,47.664306811846345,-21.34326419405246
2001-11-16,-29.66399361349535,24.201463402370088,47.24342402271824,-20.31828798212295
2001-11-17,-28.753586093827344,25.44212985502103,46.56613109803235,-20.006830206179202
2001-11-18,-29.339796311360896,24.48095831936664,47.06751001415436,-19.5432784005286
2001-11-19,-30.01455069155484,25.057881300088866,46.79230016248284,-19.456470231642417
2001-11-20,-30.12737197830479,26.09283683399155,46.751727167723836,-20.284321267053205
2001-11-21,-29.578705924771967,27.568627492335345,45.28232474289206,-19.861984601616104
2001-11-22,-28.594100333730164,27.855657268408837,44.660250783492444,-19.881405154399886
2001-11-23,-30.492567176125917,28.18595383920961,44.94409151557465,-20.035359082144783
2001-11-24,-31.13765540819626,27.215530755328324,44.64217884772404,-20.150396356679032
2001-11-25,-30.80980372812643,28.142918783691286,45.17196987218278,-19.836322876093806
2001-11-26,-31.554148733949447,27.56578932960612,45.60201053102618,-18.979927641187622
2001-11-27,-32.288217195506604,27.53538805751015,44.132353626701715,-18.078056361311116
2001-11-28,-32.44961403022993,27.257406385146755,45.08172556705781,-17.840651751829743
2001-11-29,-32.50288663188792,26.65311558599707,45.04355393699091,-17.044858104986943
2001-11-30,-33.32798215574257,25.895184316167857,45.151048480774975,-17.639905692011613
2001-12-01,-33.213534708972546,26.903200280638234,44.77706818776966,-17.126436087999096
2001-12-02,-33.56160918020833,27.137731370215697,44.88178418510041,-16.16769373968463
2001-12-03,-32.36209875116438,28.368627746419172,44.80114580289278,-13.956553953743745
2001-12-04,-33.34912080187207,28.659200741567112,44.97778903269486,-13.515085033710037
2001-12-05,-33.47132413289115,27.85824515370525,47.325489122208566,-13.414343745933577
2001-12-06,-33.2582040426444,28.227558704278017,49.1490302153972,-12.681625368567872
2001-12-07,-32.976207160549954,28.98824582500695,49.418696476595024,-12.887887724334332
2001-12-08,-33.49453865728775,29.770692935857536,49.876015412004435,-14.834663140280792
2001-12-09,-32.615030211603745,29.764551541226155,50.76951649933417,-13.213235777762646
2001-12-10,-31.506839216957744,30.769777058712187,51.74439425106502,-11.588388387278183
2001-12-11,-31.09066755461863,28.385378024846556,52.24969547359102,-11.562980632386408
2001-12-12,-30.838277561072328,27.886984297010816,52.312660148849226,-11.850230726815505
2001-12-13,-31.455080709221594,29.042670214177612,51.209724470306234,-11.63155640072456
2001-12-14,-31.9817898944276,28.74740935625001,49.714099325210526,-12.054365442491852
2001-12-15,-30.34693801082496,27.28621993504895,49.46155679828791,-12.887209442843076
2001-12-16,-31.133787298497314,28.606091540553745,51.472371268770495,-14.129873922595792
2001-12-17,-30.771304489065155,29.343180087438522,50.538817243210225,-15.363456574670533
2001-12-18,-30.13120474988334,28.71320142322121,52.376255677816204,-15.753826240778482
2001-12-19,-30.94187724258734,28.708577503773565,51.98567373707692,-15.090861111945266
2001-12-20,-31.352582247189012,26.221428974419013,52.185174601384304,-16.614843789442265
2001-12-21,-31.75496453573106,25.741920254284068,54.11809125506604,-16.276670603429693
2001-12-22,-32.10428642018712,25.48395713161529,53.56543798860703,-16.07963338563739
2001-12-23,-30.84370126748532,25.79157402417301,52.01450721851562,-14.287043234497597
2001-12-24,-30.52347380499491,26.25892721965501,51.99052278312722,-14.8676618112773
2001-12-25,-29.876650019584545,26.144103787305443,50.70342768987567,-14.440514667264615
2001-12-26,-29.334786651827095,26.543911560422366,47.593796345480925,-14.066038627289396
2001-12-27,-30.03770128024656,28.000364535890053,48.65057961930476,-12.954003882418117
2001-12-28,-30.160337694670407,28.01201540119003,48.2866067063137,-12.735556362540347
2001-12-29,-31.700607554081706,29.647137332765197,49.104012138166546,-13.034580548528385
2001-12-30,-31.93697548837585,29.927344489083204,50.8460215686286,-12.456018278266793
2001-12-31,-30.845501604930117,28.83673809464645,52.29987231187876,-11.85490413475122
2002-01-01,-30.51146847289228,31.05142928390403,51.034981904897265,-14.530118464207387
2002-01-02,-29.82466094316516,30.414497047764545,49.70391872098081,-16.609441141872047
2002-01-03,-29.569278485996637,30.5301454343807,49.16627228556312,-17.399711930585205
2002-01-04,-29.395383327630448,28.60914890270955,49.809756211243226,-17.686353418175717
2002-01-05,-30.549856450762668,29.74822594261626,49.66696432181529,-19.64359379381382
2002-01-06,-28.585693499552388,28.911986749982027,50.317689429210674,-18.681119099788685
2002-01-07,-27.782142963299947,29.291607369976703,50.59134656260121,-19.85826962446504
2002-01-08,-28.079032755062936,28.650559011775787,52.05360325078228,-17.95824103094018
2002-01-09,-29.010653139100715,29.399687251833782,51.61738715560266,-17.340834638382244
2002-01-10,-29.025038135232652,28.251679291193238,52.12880490247317,-17.24779179255119
2002-01-11,-30.37782513253921,28.395434492042014,51.65881107348072,-15.281722083636478
2002-01-12,-29.506703756190266,29.117024064076826,51.11523049238085,-13.678622724528541
2002-01-13,-28.488233218013878,27.33848010758669,51.40436731415759,-13.848791392800004
2002-01-14,-27.423096560630952,27.34716035611042,50.51362545152651,-13.349634529692873
2002-01-15,-25.2519364715072,26.911591366733713,50.6598222127004,-12.934424000476513
2002-01-16,-25.80494499501508,26.818304965756298,50.05946914116567,-13.971926344579526
2002-01-17,-25.528922236705075,26.593369453415388,50.83732259239876,-15.48678951100806
2002-01-18,-27.316720240998627,26.38420461575289,52.82702675451306,-15.418173733422053
2002-01-19,-27.838740596563365,25.925221931487222,54.257286474361024,-15.125074038147071
2002-01-20,-26.92579072389019,26.72115585250749,53.15573424007163,-15.41691322826734
2002-01-21,-25.541829916766126,25.625657564439173,56.588421233908576,-16.658628290957207
2002-01-22,-24.43274052464011,26.210653041343637,58.47125106548745,-16.896300506841612
2002-01-23,-23.01297847792045,24.83388244018025,59.378853742493156,-17.65726185797498
2002-01-24,-22.810220482849964,27.328828613616714,60.38628167069448,-17.27394393793885
2002-01-25,-24.544708058975992,25.618776220649426,60.34425117148026,-17.826439339605248
2002-01-26,-23.831890533538637,26.744246941862173,60.08991673541678,-16.910596016399268
2002-01-27,-21.781535370853298,27.502917883895503,61.32379053842259,-17.668575234033725
2002-01-28,-21.549823430899018,25.60100043465468,61.7328315723784,-17.707795727379896
2002-01-29,-20.928891949304077,25.101875824645735,60.06080478591312,-17.41329258982507
2002-01-30,-21.08530402405963,24.606849424447486,60.33112104139374,-17.203621586569174
2002-01-31,-22.230512052166354,23.646474417991342,61.05680600883684,-16.299209492648675
2002-02-01,-21.86199113575923,23.549016237458517,61.75655598787628,-15.742627915374973
2002-02-02,-22.118646316207162,23.388175560734197,63.10085518434426,-15.180880613399635
2002-02-03,-22.144752421260023,24.40811310508767,61.68369384059117,-15.267844439814194
2002-02-04,-21.394282032543863,24.57896612062035,62.503329405860576,-15.665431239842679
2002-02-05,-20.599895196253843,24.95314856354076,62.21705317238898,-14.791806135617136
2002-02-06,-19.739429708938587,24.51647389577175,63.74294959255489,-15.55958471782589
2002-02-07,-19.748448519474906,25.569286730428928,63.43839652346585,-15.85006859407232
2002-02-08,-20.559222615469814,27.223851610030202,63.45298059649788,-16.468881963565835
2002-02-09,-19.739010608725497,30.42788280647933,62.86393136102089,-17.792274379274133
2002-02-10,-19.597720944296213,29.013665483692588,63.013985633010996,-18.257174763436467
2002-02-11,-19.46405346233126,30.3111352941946,63.50504272775329,-18.481239356895387
2002-02-12,-19.565780293237705,30.5253120400344,63.03087701419502,-18.285396122334525
2002-02-13,-19.125205311384253,30.778067528545243,62.49072970729417,-18.1656793478854
2002-02-14,-18.78267017065976,30.909028113858618,62.61755425843008,-17.43369566284419
2002-02-15,-17.787406215776315,32.00441696767093,62.763224981759365,-18.523920979497255
2002-02-16,-18.176322067541147,30.999213645876534,62.445569902634496,-16.872301431374648
2002-02-17,-17.34618085809467,30.783286246511516,61.43698159928944,-14.164450295007809
2002-02-18,-16.95508378971388,29.92150436287977,60.106608833215944,-13.692217064013924
2002-02-19,-16.774084049368096,29.283221625235207,59.45685632155026,-13.9111620838225
2002-02-20,-15.469405491761064,30.888628200817678,59.99405506318415,-14.25638488043354
2002-02-21,-15.603746181296795,30.610448243455572,60.317032936632366,-13.001775004869334
2002-02-22,-14.530903100196605,29.71893591930312,60.34293518607225,-12.674661987190287
2002-02-23,-15.294669915006992,29.513923882946223,58.35418010493676,-13.71647546937352
2002-02-24,-14.335792588963091,28.110961565293906,59.53168594435097,-14.498006878392731
2002-02-25,-14.659883225366922,28.132793415705493,58.894075818577,-14.478028507983936
2002-02-26,-15.135811759742364,27.210259303246804,58.791343296361596,-14.090948448785525
2002-02-27,-14.87565652595285,26.07134878651686,58.44476623592319,-13.317724616187501
2002-02-28,-14.126471099158756,26.95344550981056,57.33897908861774,-12.93164712596391
2002-03-01,-14.190005100853629,27.266239108394572,55.79378673434476,-12.540612035276537
2002-03-02,-15.125146261965433,27.76540225762437,56.00923094380442,-10.778633185378036
2002-03-03,-14.128006408477805,27.21728093495906,56.47962950188171,-9.418799889536853
2002-03-04,-13.814283375529342,28.331171404060935,57.39981369874059,-7.990736077838325
2002-03-05,-13.721434381168368,28.245653783737087,56.63359036357461,-8.565452487464785
2002-03-06,-11.953853784281774,29.541456653749552,58.1482180652539,-10.320628450882488
2002-03-07,-10.104224150089502,27.487416586937616,56.9661968430196,-10.795023672089428
2002-03-08,-11.419122208082854,25.88823462455628,56.67069724270526,-9.89944475854063
2002-03-09,-10.358987594257961,26.424476322722395,55.71848495690604,-9.628652498329938
2002-03-10,-11.890978495040098,26.432164792421368,55.66274423803147,-10.946505063496344
2002-03-11,-11.725269686593268,27.11950879064778,56.317004644316384,-11.84720594825137
2002-03-12,-12.000311809768123,26.13787439358602,55.36766053026296,-11.617833026249116
2002-03-13,-10.531517243159735,23.925689342827347,54.99264740412122,-9.940557398573795
2002-03-14,-11.726681394478634,23.579166512263342,54.00464778970378,-10.24716959721188
2002-03-15,-11.550091954854436,21.46980556069347,53.2740033568515,-9.90563667169737
2002-03-16,-11.759722693831826,22.45822995026076,52.99561129572475,-8.971634624120034
2002-03-17,-11.795201191173689,21.21336145593434,52.04850540185324,-9.936550625553199
2002-03-18,-10.624631247090017,20.618063121595046,53.2538288970773,-11.826011657510131
2002-03-19,-12.614979839081883,21.611139070230287,53.625002374957276,-11.586697312879462
2002-03-20,-11.672947025593574,21.319928110306446,54.45131101414231,-11.748671103129814
2002-03-21,-10.364492497607015,22.111873992938296,53.150844594751405,-11.672752452625046
2002-03-22,-10.384405947957399,21.499954592003828,52.94477323930734,-12.624781999560609
2002-03-23,-11.418381772081382,21.835384648091505,54.106376914809736,-12.690336058095964
2002-03-24,-11.36941532634007,21.022077779257398,54.990874671147104,-13.849116225973654
2002-03-25,-11.769785506024983,20.721336609886077,54.359219801345624,-15.134657464138606
2002-03-26,-10.450407021247274,20.303416471848823,55.53360033508293,-13.949047748714541
2002-03-27,-10.82030897701762,21.452603176703093,55.22443169236768,-14.470297549261717
2002-03-28,-11.32685957091284,21.659281339796145,57.27926227678059,-14.622395706126321
2002-03-29,-12.324461879416623,22.249540973572657,57.31223005400782,-13.049390657824793
2002-03-30,-10.945867414061205,20.812968333540546,57.21437716120913,-12.659589243775388
2002-03-31,-12.525772517150603,21.42981622936717,58.10928791076301,-11.804613795871466
2002-04-01,-13.009014237752217,22.193967875890007,58.97195529198855,-11.817741996728621
2002-04-02,-12.009041886887939,22.609418810134148,58.755795590096476,-11.734415578668411
2002-04-03,-10.898891811335183,23.3101020332743,59.18426407483211,-10.056260909836352
2002-04-04,-8.953828650321041,23.573641305427998,59.623221919155206,-10.20717203645789
2002-04-05,-8.199414151201065,24.09634639793777,59.26038644859199,-10.176464273790218
2002-04-06,-8.66008439105937,24.865867715226624,59.63615613077663,-11.382689674280847
2002-04-07,-8.402703262104913,26.461818072667345,59.575801145273864,-11.92740396230588
2002-04-08,-7.487161625566097,27.88945788933011,59.57762787738236,-12.19550897303799
2002-04-09,-7.181331995199525,27.940525563486872,60.009176767441936,-10.928856217796959
2002-04-10,-7.117236676975169,27.794191377773252,59.39727632137702,-10.438925487627731
2002-04-11,-7.131035398388918,28.484092212846953,60.312857565215,-8.52724072912782
2002-04-12,-7.590292503938043,27.788806323276027,60.819427117837,-6.742696995703706
2002-04-13,-8.272206090148108,28.99603732661837,61.996384692016676,-5.389615013489339
2002-04-14,-6.193374013021231,29.656709767131982,62.26214828972555,-6.062620661978842
2002-04-15,-6.326220739438543,31.143522597278288,62.14957754512435,-7.202445085806243
2002-04-16,-5.450889150007079,29.88906088004136,61.16063286749611,-7.1078169146423305
2002-04-17,-6.53610093005376,30.350466212986888,61.374282044978926,-7.174429585305085
2002-04-18,-7.570670956412867,30.48147686858491,61.660139723993396,-7.1839329644687915
2002-04-19,-7.473673136711704,29.954954973517207,61.214341231679406,-6.306159151948015
2002-04-20,-7.07315988642181,29.75625576638506,62.03082295014507,-6.229502775440618
2002-04-21,-7.292113059139368,30.802745403101873,61.00822166391773,-7.402667646092796
2002-04-22,-7.211530817624547,31.386989280666942,60.10095240727273,-7.7093731458892725
2002-04-23,-9.02843361155453,30.989219970140013,59.45404674299374,-7.324379439968728
2002-04-24,-10.899967672983244,30.94249108496105,59.46634863713964,-9.247490613912573
2002-04-25,-10.770076553387652,31.11567890348204,58.05828464409889,-10.484396514189969
2002-04-26,-10.269035727733714,32.305693762215725,57.724773114525604,-10.35874327199402
2002-04-27,-10.108356689498242,31.72207329043535,57.83356361082129,-10.416038996123214
2002-04-28,-10.175457505537805,31.619170149768948,58.22686042314457,-10.84590054884032
2002-04-29,-9.39767016581006,31.32906171856331,56.5452298413225,-10.426511652950495
2002-04-30,-9.227903168585126,31.4369118302076,55.52708391724639,-8.996448539665973
2002-05-01,-9.212109683488492,31.102785730701257,56.76785233608326,-10.533274564981872
2002-05-02,-7.804409129416976,30.646046226965773,56.249192724673456,-7.979697431010926
2002-05-03,-8.374342759525648,31.258394320934297,56.623754558078055,-9.333792553787434
2002-05-04,-8.066598758808775,31.792375170357413,55.73070024943991,-8.690040073361091
2002-05-05,-8.023752566207937,31.2753890979945,55.09026359127424,-6.934093818214264
2002-05-06,-9.223763357759204,32.533446014905294,56.23396428027121,-8.823267219541592
2002-05-07,-9.984851135888142,30.42026078040815,56.13807267257451,-6.91635881902104
2002-05-08,-9.334231254089834,29.940776345980318,56.47391475956909,-5.8584010864330835
2002-05-09,-8.63167326302013,29.78493747816457,55.798646852676185,-7.061314966051436
2002-05-10,-7.812406773238854,29.277394399578075,57.09820091563354,-7.275844480631575
2002-05-11,-9.131975602794848,29.940584852350973,58.267826888447324,-10.086195478824253
2002-05-12,-10.28884455546752,30.239248368095705,56.78828926355598,-9.507860166718244
2002-05-13,-11.390837558714697,28.885909968579547,58.397055941117735,-10.539612202842731
2002-05-14,-11.254567501554918,29.0533596788378,57.510441346040515,-10.967782926539124
2002-05-15,-11.587554018630275,28.499869367537404,58.70532685856755,-12.192568483267225
2002-05-16,-11.742123231625534,29.26347842129411,57.793189378950075,-13.642474997998841
2002-05-17,-12.379378642271108,28.949353985348136,59.07168355024139,-12.871163152399955
2002-05-18,-10.428598374028011,31.65747197167496,56.61236103023384,-13.031844078179686
2002-05-19,-10.042714286271842,31.21554671535696,54.61510836097931,-12.57756440006327
2002-05-20,-9.454916447584132,31.068126719830296,53.15335041949413,-12.124007914375882
2002-05-21,-10.526833151541773,29.89675655231789,52.64620594285203,-10.877646491958073
2002-05-22,-8.737045981239783,29.943886454949823,55.2529890591863,-11.381268629231709
2002-05-23,-10.246090874330754,29.867224472615206,56.05962042287689,-13.198422931432104
2002-05-24,-8.986245466689168,30.445934221424082,57.02582985640056,-13.021274676589597
2002-05-25,-6.853761256855679,31.80891035506485,56.35498998291319,-12.520242711051864
2002-05-26,-7.00538621988745,31.649561450390355,58.76082964562155,-11.948374051487743
2002-05-27,-5.636405674657486,33.62423097880061,57.48658650292471,-12.070651417184626
2002-05-28,-6.1194753450048,34.21846319365799,57.93697474497585,-10.300088068234755
2002-05-29,-5.140104640281036,32.59554641193756,58.38209329939789,-11.472224041845159
2002-05-30,-3.9350647996124453,33.736051093352586,56.32776229305157,-10.94502041774637
2002-05-31,-3.9574932509864698,34.68527604100746,55.91501278590984,-10.159989951080853
2002-06-01,-1.7351374629576788,34.45319999048957,55.292295117846976,-8.579465515232094
2002-06-02,-2.314104682172476,33.47476246981208,54.306211851328534,-8.998819549195753
2002-06-03,-2.9712177645025983,33.46664134555581,55.987139267523446,-9.846442446949515
2002-06-04,-3.3158683686117256,34.165603111937244,55.9920347694388,-10.930651716221565
2002-06-05,-3.9441621695250086,34.20128047378781,55.39897631092488,-11.913429575384418
2002-06-06,-2.2309255863804403,34.815271357654865,56.179700607539615,-13.40872543491722
2002-06-07,-2.7631881261450295,35.61502617632318,56.10545014465082,-15.096971940174122
2002-06-08,-1.6418692103665595,34.76993775419219,56.117434578791276,-14.520527368224442
2002-06-09,-0.4956042354542807,34.514102587876835,54.89797138829664,-13.692990243302967
2002-06-10,-1.792600811055412,34.90336362772846,55.60840069913508,-13.061567851616001
2002-06-11,-1.3687389910401815,32.70453152477114,56.72112790529704,-14.265736127347544
2002-06-12,-1.5368328508088815,32.49762330614534,58.79263097037188,-15.962534502862722
2002-06-13,-0.9383465483825251,33.72819274329197,58.75005669315713,-14.090838048080649
2002-06-14,-1.0855647892426914,35.128964409661,59.52790965760765,-16.456651989918086
2002-06-15,-3.658972111286509,35.99788055672347,59.69598793072638,-15.997069886408092
2002-06-16,-3.711248681067423,37.01003190916262,59.50900912526386,-15.506502081498896
2002-06-17,-6.709765928466725,36.394750167386285,59.990023713483545,-16.890905721852356
2002-06-18,-4.087125719447872,34.90696812402536,60.21864296202935,-16.94411810062477
2002-06-19,-4.42828227449402,32.92733846023027,60.2887319551935,-17.19223029161197
2002-06-20,-5.361675657601201,33.44085847751732,61.434273069403176,-16.955104610649236
2002-06-21,-5.4321139216969145,34.19268594248291,63.05799022098261,-16.556507821961404
2002-06-22,-4.986508586694677,33.92243057424048,63.398571390462585,-17.299642598422153
2002-06-23,-2.875149242037342,33.92246605890291,65.85298391952972,-17.509199061556764
2002-06-24,-4.442886142357674,34.765334492445284,66.7359540945342,-18.15893106055696
2002-06-25,-5.47814197691213,35.11949082150009,65.2045179446549,-17.179361812310994
2002-06-26,-4.854252458593574,33.10708117600833,64.48987606655065,-18.848877123468764
2002-06-27,-4.316405376252036,33.581904920202824,66.50340923078349,-18.534200352503817
2002-06-28,-6.199391497139001,33.691970584547434,67.82452296634281,-17.810776426491895
2002-06-29,-8.00164625032401,34.0287286646009,66.84380818118004,-17.100292627389944
2002-06-30,-8.499084903192609,35.50285355160198,67.64682522007071,-17.92908205130559
2002-07-01,-10.364433055045376,35.97103657022767,65.8161119833118,-20.293999350283
2002-07-02,-9.550196590273568,36.019476339899825,67.56347845339444,-21.14354543760465
2002-07-03,-9.01392632112855,36.498452544883456,68.84293250761714,-21.011586877158305
2002-07-04,-8.017849866833101,35.814497937310904,70.10930485522297,-20.74185577043294
2002-07-05,-6.664513460061319,37.21648648328762,70.63294772198266,-21.678928838790398
2002-07-06,-8.055982592818506,36.07242438991993,70.66869789401768,-21.224759648475086
2002-07-07,-7.044488336052094,37.37909194489281,69.87015621014915,-20.03571408254395
2002-07-08,-6.475979441693328,36.62536069806003,68.6972644037392,-21.046070103828825
2002-07-09,-4.335770470433349,36.65213595889183,69.91289825535735,-21.218247570450675
2002-07-10,-4.147756598312021,36.5088374245703,69.56183077402683,-20.396701444516292
2002-07-11,-3.8141191920310065,36.502057263427375,69.72583807246684,-19.32440849157436
2002-07-12,-4.1231562687690415,37.15692205031524,70.76061458320059,-19.358259039862098
2002-07-13,-4.526287462687361,37.88256448802006,71.7358944984853,-18.933527381603074
2002-07-14,-4.536928822156724,36.849228697281625,72.59087072758777,-18.794732943987437
2002-07-15,-3.7280704418555155,36.224937663786264,72.61600698778481,-19.205247528484364
2002-07-16,-2.2777266306559003,34.759108035238135,74.49919412503755,-20.874549505856088
2002-07-17,-3.021620448485849,34.655175703066014,74.86072320083917,-20.54188653749867
2002-07-18,-3.6936770172716034,34.192358610921175,74.62361167892833,-20.0721644640836
2002-07-19,-4.06727964278006,33.67635690153949,73.68978489483914,-18.263320734008893
2002-07-20,-4.314879882827626,32.02022102017654,74.25366963946834,-18.054593600330517
2002-07-21,-2.4018329737437893,31.621343231260532,74.27572425520869,-17.61989762931126
2002-07-22,-1.8734563130428816,29.216979675474683,74.51537875307257,-16.498054898558298
2002-07-23,-1.8826367409383977,28.964666234058612,73.45259106329819,-15.118139841189295
2002-07-24,-2.035206486797911,28.87051797847208,72.55561336928797,-15.896904314083125
2002-07-25,-1.9424067241628928,31.140705013443085,72.80448262703904,-15.813124891578857
2002-07-26,-2.328577208792907,30.79534637545838,72.33626465406148,-17.223884361788045
2002-07-27,-4.276648756091126,30.132639492883005,73.27646220196795,-15.295259068589685
2002-07-28,-4.958595768144452,30.83481599527583,74.30818190551882,-14.228040329565287
2002-07-29,-6.851994248177366,30.70725012844334,74.18338297774469,-15.2760015587255
2002-07-30,-8.62366431689918,29.504187954912492,73.63718700855445,-13.5850772147003
2002-07-31,-7.852685409146618,28.034405364569537,72.22805577896187,-12.821175131028971
2002-08-01,-7.414549502980629,26.786725459938463,73.32015008646245,-12.576003102054072
2002-08-02,-9.417099218467985,29.707822317683636,72.97767590119904,-11.548903110656198
2002-08-03,-9.443995655268989,30.993959366490994,73.64900458313348,-11.857448299881042
2002-08-04,-8.334318362195765,31.837489030895302,74.86516066439634,-12.607675606173618
2002-08-05,-7.758780712860655,29.376360840110507,75.40114704652247,-12.91155414447197
2002-08-06,-8.933138707355079,28.756151921507996,75.39612899113834,-12.10047246614883
2002-08-07,-8.956596422586209,29.090138553889936,74.03430372427675,-11.05989883396082
2002-08-08,-9.530025913902081,29.031267994642764,73.7831863647296,-12.406386519785206
2002-08-09,-9.925979099247085,28.625580804715536,75.37521501493389,-11.063508767957062
2002-08-10,-10.266543108605116,30.668201752474335,74.4990517017294,-9.974708950602896
2002-08-11,-9.768146075986103,29.847933585566732,74.42807924282839,-9.622786413734701
2002-08-12,-11.03561336524605,32.06483274858504,74.4039079944711,-11.968913392621712
2002-08-13,-10.836878312145164,32.092168491169346,74.411057795768,-11.464407074096295
2002-08-14,-10.733650933158756,33.32397315185567,75.93810099181503,-10.587288575529092
2002-08-15,-12.592377963313892,31.978963345767,75.93334629577346,-12.885411070423366
2002-08-16,-13.774694802878484,31.062017410478422,74.53567183779246,-10.519975076729255
2002-08-17,-13.815056993443832,32.308405042142276,75.49773688384475,-11.127040117818517
2002-08-18,-14.171319987344205,33.8667290054977,74.51155515296074,-11.715017410302128
2002-08-19,-14.613295263396916,34.10168321182865,74.6809196750374,-12.559109095162535
2002-08-20,-14.268937285819911,31.337543935255,75.75700237881993,-11.15043368248398
2002-08-21,-13.212466436542613,32.057783090906334,77.39779136486983,-10.298964298204632
2002-08-22,-12.634485600677486,31.770161849340962,78.28564416947815,-12.513056571307878
2002-08-23,-12.03842252385902,31.567732295326692,77.76943640269091,-11.193644602101724
2002-08-24,-12.475978413821933,32.51084372262033,78.85147354339206,-10.51000288875825
2002-08-25,-12.35998403019449,33.17151272193033,78.30512647837512,-9.2409138115182
2002-08-26,-11.590889318773778,33.95408741665109,77.93802456114209,-10.671786736155967
2002-08-27,-12.446234320689788,31.826019228412896,76.49953290150157,-10.110523090352485
2002-08-28,-12.540488114421095,31.456867405544546,79.05569344356346,-9.511568412294316
2002-08-29,-11.320942272710433,31.215625362241884,79.02148999124041,-9.889873880377033
2002-08-30,-9.772648890299573,31.558692029075342,78.96106819514074,-9.961676258198258
2002-08-31,-8.662278258816432,32.59377631779343,80.18311131832715,-11.199908104296348
2002-09-01,-7.922171155566865,33.18158114616642,80.57576574093275,-12.888466425982346
2002-09-02,-8.98794874963589,33.794829096596,81.09491850125148,-12.738321458274578
2002-09-03,-8.8055526935466,33.9830541856252,80.6489112325404,-13.969206889472536
2002-09-04,-8.425237363376365,30.834715845874868,80.55669049930304,-14.04096597311255
2002-09-05,-7.712376679006547,29.92220155626307,80.72984608540432,-14.138689427782063
2002-09-06,-8.919512804506617,28.326399970878075,81.58808981434417,-13.746836042655195
2002-09-07,-9.273090742829934,27.195912982574637,81.84291834147535,-13.534345312851045
2002-09-08,-10.017567252736011,25.95920856706539,81.96021372257972,-12.874746211514196
2002-09-09,-9.935827457226459,26.42857114363612,82.0726658676387,-12.583822684461639
2002-09-10,-9.668778381652364,27.947878046946506,81.24856301706203,-12.546585760296084
2002-09-11,-7.818360236601142,27.923364547873334,80.49105459463108,-14.573503208408516
2002-09-12,-8.272115743997718,28.628010241581457,79.46669867883615,-14.258327312915121
2002-09-13,-8.645644693624435,29.31607129148586,78.69395143942798,-14.89309006801665
2002-09-14,-8.688819923172925,30.406905417474146,78.15273268266922,-14.532465848791619
2002-09-15,-9.090748470073354,31.074691921502776,78.52952383222888,-13.534919118810652
2002-09-16,-8.903895649342367,30.42478538124461,77.45094159266756,-13.584938253613194
2002-09-17,-8.66000065330273,30.525414757433897,76.56704222325581,-14.554361242483017
2002-09-18,-11.271365632928154,30.495363998971275,76.39407127218266,-14.906682191970777
2002-09-19,-11.358441335948353,30.518518500208774,77.06248778680339,-15.14424864116219
2002-09-20,-11.202555143649242,30.95712312889978,77.99448878371551,-15.154332217151671
2002-09-21,-13.09396583292461,30.89606544826135,77.62341689786123,-15.704624843564266
2002-09-22,-13.752181733716979,30.264760992502726,78.31522169428912,-17.07760566828514
2002-09-23,-10.915665720235992,28.386806201698693,77.6715433057753,-16.708054719115406
2002-09-24,-12.300892980036652,29.706854340419635,77.87704676050944,-15.797827209496775
2002-09-25,-13.349171922809797,29.409092630492584,79.83349950958967,-16.071787917712687
2002-09-26,-12.537928777457314,30.1914969007341,79.46088430548974,-16.68079204850462
